[
{
  "model": "contenttypes.contenttype",
  "pk": 1,
  "fields": {
    "app_label": "admin",
    "model": "logentry"
  }
},
{
  "model": "contenttypes.contenttype",
  "pk": 2,
  "fields": {
    "app_label": "auth",
    "model": "group"
  }
},
{
  "model": "contenttypes.contenttype",
  "pk": 3,
  "fields": {
    "app_label": "auth",
    "model": "permission"
  }
},
{
  "model": "contenttypes.contenttype",
  "pk": 4,
  "fields": {
    "app_label": "auth",
    "model": "user"
  }
},
{
  "model": "contenttypes.contenttype",
  "pk": 5,
  "fields": {
    "app_label": "contenttypes",
    "model": "contenttype"
  }
},
{
  "model": "contenttypes.contenttype",
  "pk": 6,
  "fields": {
    "app_label": "sessions",
    "model": "session"
  }
},
{
  "model": "contenttypes.contenttype",
  "pk": 7,
  "fields": {
    "app_label": "posts",
    "model": "post"
  }
},
{
  "model": "contenttypes.contenttype",
  "pk": 8,
  "fields": {
    "app_label": "posts",
    "model": "comment"
  }
},
{
  "model": "contenttypes.contenttype",
  "pk": 9,
  "fields": {
    "app_label": "sites",
    "model": "site"
  }
},
{
  "model": "contenttypes.contenttype",
  "pk": 10,
  "fields": {
    "app_label": "account",
    "model": "emailconfirmation"
  }
},
{
  "model": "contenttypes.contenttype",
  "pk": 11,
  "fields": {
    "app_label": "account",
    "model": "emailaddress"
  }
},
{
  "model": "contenttypes.contenttype",
  "pk": 12,
  "fields": {
    "app_label": "socialaccount",
    "model": "socialapp"
  }
},
{
  "model": "contenttypes.contenttype",
  "pk": 13,
  "fields": {
    "app_label": "socialaccount",
    "model": "socialtoken"
  }
},
{
  "model": "contenttypes.contenttype",
  "pk": 14,
  "fields": {
    "app_label": "socialaccount",
    "model": "socialaccount"
  }
},
{
  "model": "contenttypes.contenttype",
  "pk": 15,
  "fields": {
    "app_label": "accounts",
    "model": "profile"
  }
},
{
  "model": "sessions.session",
  "pk": "09c3zm7v7r7uud2cqwvlyq1hfvbjuvav",
  "fields": {
    "session_data": "MmYxMGU0NDJhM2JjZjE4YTEzYjUzY2MyMDQxNDg5YzU2ZWQyNTgwYTp7Il9hdXRoX3VzZXJfaGFzaCI6ImVhMmE5MTZmNTk5YzE1NTdjMWYyMGNlOWY3MGVmNWIwODQyMGU0NWMiLCJfYXV0aF91c2VyX2lkIjoiNCIsIl9hdXRoX3VzZXJfYmFja2VuZCI6ImRqYW5nby5jb250cmliLmF1dGguYmFja2VuZHMuTW9kZWxCYWNrZW5kIn0=",
    "expire_date": "2017-11-18T09:35:35.013Z"
  }
},
{
  "model": "sessions.session",
  "pk": "2bczxc3z7ug91yb991jkxtt3iyudkiyg",
  "fields": {
    "session_data": "ZjE3YmM5Njc5MGM2OGVkMDhlMmQ2OTM2NTUxZTI0MzYyM2YxMmZhOTp7Il9hdXRoX3VzZXJfaGFzaCI6IjY3NGRjOTM5MTc2ZTc4N2I4MTM0MjVkMTFmODg1YTcxMGQyYmIxZTMiLCJfYXV0aF91c2VyX2lkIjoiNSIsIl9hdXRoX3VzZXJfYmFja2VuZCI6ImRqYW5nby5jb250cmliLmF1dGguYmFja2VuZHMuTW9kZWxCYWNrZW5kIn0=",
    "expire_date": "2017-11-18T09:46:18.116Z"
  }
},
{
  "model": "sessions.session",
  "pk": "69648u2x0qb9hu5pyq87ocw10std73e8",
  "fields": {
    "session_data": "NGI5Y2I1MzkzMWIyM2VkYjQzNDQzNGE1MGM4ZjFhODMyZjZiNmY0NDp7Il9hdXRoX3VzZXJfaGFzaCI6Ijc5ZGQ5ODk1ZjcyYTZmZmNkYTRhOWRiZjYxMWQ0ZDlhZjYwYTBiMDAiLCJfYXV0aF91c2VyX2lkIjoiMyIsIl9hdXRoX3VzZXJfYmFja2VuZCI6ImRqYW5nby5jb250cmliLmF1dGguYmFja2VuZHMuTW9kZWxCYWNrZW5kIn0=",
    "expire_date": "2017-11-18T12:13:24.389Z"
  }
},
{
  "model": "sessions.session",
  "pk": "aqnqyllmldw5143ypny3vyzbshksjkvy",
  "fields": {
    "session_data": "MzJkMWIwODBhZDQ1OTU3MTkzZTE2YmI4Mjc2MzdhMjgxNWVhZDU4Zjp7InZpZXdlZF9wb3N0XzI2Ijp0cnVlLCJfYXV0aF91c2VyX2lkIjoiMyIsInZpZXdlZF9wb3N0XzI3Ijp0cnVlLCJ2aWV3ZWRfcG9zdF8yIjp0cnVlLCJfYXV0aF91c2VyX2JhY2tlbmQiOiJkamFuZ28uY29udHJpYi5hdXRoLmJhY2tlbmRzLk1vZGVsQmFja2VuZCIsIl9hdXRoX3VzZXJfaGFzaCI6ImQ3NzVlMjFlZmRlNDBkODI0Y2Y1YzQzNDZiY2IxMzhlZDUzOWUzYTUifQ==",
    "expire_date": "2017-11-22T09:45:44.414Z"
  }
},
{
  "model": "sessions.session",
  "pk": "fkn4voyl18dl2h60bigonwksxhdzb1io",
  "fields": {
    "session_data": "M2ZmMmE3MzMwZTFjZDAyNzM1M2UwNjNiODkzNjM3MjljNWU3MjM5ZDp7fQ==",
    "expire_date": "2017-11-22T06:58:40.467Z"
  }
},
{
  "model": "sessions.session",
  "pk": "h5shh4qfun59430qq0knqpymqaowrfm1",
  "fields": {
    "session_data": "OWE1YWZlMmNkOTM3MDA2ZmI4YmFmYWYyNzY2ZjVmNWMwZTBmYjUzNzp7Il9hdXRoX3VzZXJfaGFzaCI6ImFmNmRjMzZiM2ZlMGNkYjNmYzNjMzMwNjQ2ZmEyMWI1MWFhODJlOTciLCJfYXV0aF91c2VyX2lkIjoiOCIsIl9hdXRoX3VzZXJfYmFja2VuZCI6ImRqYW5nby5jb250cmliLmF1dGguYmFja2VuZHMuTW9kZWxCYWNrZW5kIn0=",
    "expire_date": "2017-11-18T09:53:28.263Z"
  }
},
{
  "model": "sessions.session",
  "pk": "nijlgmfnsp1swpuao6izwrts1pyobsjv",
  "fields": {
    "session_data": "MWZhN2U0YTMxODUzNzJmOWViYzhhYzgzZDg2MTQ5Mzg1ODljM2Q4ZTp7Il9hdXRoX3VzZXJfaGFzaCI6ImFhNmM1MDY3MGVhOGYwNzFmNjI0ZmVhY2EwZWI2M2VlM2Y3ZDNmZjkiLCJfYXV0aF91c2VyX2lkIjoiNSIsIl9hdXRoX3VzZXJfYmFja2VuZCI6ImRqYW5nby5jb250cmliLmF1dGguYmFja2VuZHMuTW9kZWxCYWNrZW5kIn0=",
    "expire_date": "2017-11-18T09:48:17.850Z"
  }
},
{
  "model": "sessions.session",
  "pk": "tg5qd999gcgs68l8okb08tn9acdo76fw",
  "fields": {
    "session_data": "NWI4YzQzZjc5ZTU2ZmFlOGEyNTMxYzJmMTgwZGVkNWRmZDI2NGU5Mzp7Il9hdXRoX3VzZXJfaGFzaCI6ImYyNDBmMDlmNTNkZmQ2Y2IzZDlhYmExYTEwNzVhMjVjN2EwZjMwZjEiLCJfYXV0aF91c2VyX2lkIjoiOCIsIl9hdXRoX3VzZXJfYmFja2VuZCI6ImRqYW5nby5jb250cmliLmF1dGguYmFja2VuZHMuTW9kZWxCYWNrZW5kIn0=",
    "expire_date": "2017-11-18T09:55:03.619Z"
  }
},
{
  "model": "sessions.session",
  "pk": "w720thjwipi7g9tonjxy5tfio5qpvksz",
  "fields": {
    "session_data": "YWQ3ZTk2YmFmNWU2ZmFiMzA0YTFjZmQ3NGNhNmU0ZTcxM2M4ZmY4Zjp7Il9hdXRoX3VzZXJfYmFja2VuZCI6ImRqYW5nby5jb250cmliLmF1dGguYmFja2VuZHMuTW9kZWxCYWNrZW5kIiwiX2F1dGhfdXNlcl9oYXNoIjoiNzI0NDNhMTUyYzhhM2IxMzdhNmYwNWNiZjcwMjgxNjVhYWYxMTFkYiIsIl9hdXRoX3VzZXJfaWQiOiIxIiwidmlld2VkX3Bvc3RfMjYiOnRydWV9",
    "expire_date": "2017-11-22T10:08:20.110Z"
  }
},
{
  "model": "sessions.session",
  "pk": "xk89o7gad1c0kmtk3vzesmxfyomwpspj",
  "fields": {
    "session_data": "N2U2ZTQ0NWI1NTViNTdlYmI4ZWFiNjM4ZTZkODFiODBkZGRkNGY0Mzp7Il9hdXRoX3VzZXJfaGFzaCI6IjU2Y2MzZjkyZTc3ZTdlNDhhYzdiNDIyOWI4NDVlOWVkZjU4MDM2YjciLCJfYXV0aF91c2VyX2lkIjoiNCIsIl9hdXRoX3VzZXJfYmFja2VuZCI6ImRqYW5nby5jb250cmliLmF1dGguYmFja2VuZHMuTW9kZWxCYWNrZW5kIn0=",
    "expire_date": "2017-11-18T09:38:10.236Z"
  }
},
{
  "model": "sessions.session",
  "pk": "y15fygf4xj4yytbqfc3bkihixw20hc8t",
  "fields": {
    "session_data": "ZjVjN2JiNTA5YTdmZGNiMWU5NmZhYTBjMmEyMTI3MTBlNzYxZWU5NTp7InZpZXdlZF9wb3N0XzI2Ijp0cnVlfQ==",
    "expire_date": "2017-11-22T10:47:02.825Z"
  }
},
{
  "model": "sites.site",
  "pk": 5,
  "fields": {
    "domain": "127.0.0.1:8000",
    "name": "127.0.0.1:8000"
  }
},
{
  "model": "auth.permission",
  "pk": 1,
  "fields": {
    "name": "Can add log entry",
    "content_type": 1,
    "codename": "add_logentry"
  }
},
{
  "model": "auth.permission",
  "pk": 2,
  "fields": {
    "name": "Can change log entry",
    "content_type": 1,
    "codename": "change_logentry"
  }
},
{
  "model": "auth.permission",
  "pk": 3,
  "fields": {
    "name": "Can delete log entry",
    "content_type": 1,
    "codename": "delete_logentry"
  }
},
{
  "model": "auth.permission",
  "pk": 4,
  "fields": {
    "name": "Can add group",
    "content_type": 2,
    "codename": "add_group"
  }
},
{
  "model": "auth.permission",
  "pk": 5,
  "fields": {
    "name": "Can change group",
    "content_type": 2,
    "codename": "change_group"
  }
},
{
  "model": "auth.permission",
  "pk": 6,
  "fields": {
    "name": "Can delete group",
    "content_type": 2,
    "codename": "delete_group"
  }
},
{
  "model": "auth.permission",
  "pk": 7,
  "fields": {
    "name": "Can add permission",
    "content_type": 3,
    "codename": "add_permission"
  }
},
{
  "model": "auth.permission",
  "pk": 8,
  "fields": {
    "name": "Can change permission",
    "content_type": 3,
    "codename": "change_permission"
  }
},
{
  "model": "auth.permission",
  "pk": 9,
  "fields": {
    "name": "Can delete permission",
    "content_type": 3,
    "codename": "delete_permission"
  }
},
{
  "model": "auth.permission",
  "pk": 10,
  "fields": {
    "name": "Can add user",
    "content_type": 4,
    "codename": "add_user"
  }
},
{
  "model": "auth.permission",
  "pk": 11,
  "fields": {
    "name": "Can change user",
    "content_type": 4,
    "codename": "change_user"
  }
},
{
  "model": "auth.permission",
  "pk": 12,
  "fields": {
    "name": "Can delete user",
    "content_type": 4,
    "codename": "delete_user"
  }
},
{
  "model": "auth.permission",
  "pk": 13,
  "fields": {
    "name": "Can add content type",
    "content_type": 5,
    "codename": "add_contenttype"
  }
},
{
  "model": "auth.permission",
  "pk": 14,
  "fields": {
    "name": "Can change content type",
    "content_type": 5,
    "codename": "change_contenttype"
  }
},
{
  "model": "auth.permission",
  "pk": 15,
  "fields": {
    "name": "Can delete content type",
    "content_type": 5,
    "codename": "delete_contenttype"
  }
},
{
  "model": "auth.permission",
  "pk": 16,
  "fields": {
    "name": "Can add session",
    "content_type": 6,
    "codename": "add_session"
  }
},
{
  "model": "auth.permission",
  "pk": 17,
  "fields": {
    "name": "Can change session",
    "content_type": 6,
    "codename": "change_session"
  }
},
{
  "model": "auth.permission",
  "pk": 18,
  "fields": {
    "name": "Can delete session",
    "content_type": 6,
    "codename": "delete_session"
  }
},
{
  "model": "auth.permission",
  "pk": 19,
  "fields": {
    "name": "Can add post",
    "content_type": 7,
    "codename": "add_post"
  }
},
{
  "model": "auth.permission",
  "pk": 20,
  "fields": {
    "name": "Can change post",
    "content_type": 7,
    "codename": "change_post"
  }
},
{
  "model": "auth.permission",
  "pk": 21,
  "fields": {
    "name": "Can delete post",
    "content_type": 7,
    "codename": "delete_post"
  }
},
{
  "model": "auth.permission",
  "pk": 22,
  "fields": {
    "name": "Can add comment",
    "content_type": 8,
    "codename": "add_comment"
  }
},
{
  "model": "auth.permission",
  "pk": 23,
  "fields": {
    "name": "Can change comment",
    "content_type": 8,
    "codename": "change_comment"
  }
},
{
  "model": "auth.permission",
  "pk": 24,
  "fields": {
    "name": "Can delete comment",
    "content_type": 8,
    "codename": "delete_comment"
  }
},
{
  "model": "auth.permission",
  "pk": 25,
  "fields": {
    "name": "Can add site",
    "content_type": 9,
    "codename": "add_site"
  }
},
{
  "model": "auth.permission",
  "pk": 26,
  "fields": {
    "name": "Can change site",
    "content_type": 9,
    "codename": "change_site"
  }
},
{
  "model": "auth.permission",
  "pk": 27,
  "fields": {
    "name": "Can delete site",
    "content_type": 9,
    "codename": "delete_site"
  }
},
{
  "model": "auth.permission",
  "pk": 28,
  "fields": {
    "name": "Can add email confirmation",
    "content_type": 10,
    "codename": "add_emailconfirmation"
  }
},
{
  "model": "auth.permission",
  "pk": 29,
  "fields": {
    "name": "Can change email confirmation",
    "content_type": 10,
    "codename": "change_emailconfirmation"
  }
},
{
  "model": "auth.permission",
  "pk": 30,
  "fields": {
    "name": "Can delete email confirmation",
    "content_type": 10,
    "codename": "delete_emailconfirmation"
  }
},
{
  "model": "auth.permission",
  "pk": 31,
  "fields": {
    "name": "Can add email address",
    "content_type": 11,
    "codename": "add_emailaddress"
  }
},
{
  "model": "auth.permission",
  "pk": 32,
  "fields": {
    "name": "Can change email address",
    "content_type": 11,
    "codename": "change_emailaddress"
  }
},
{
  "model": "auth.permission",
  "pk": 33,
  "fields": {
    "name": "Can delete email address",
    "content_type": 11,
    "codename": "delete_emailaddress"
  }
},
{
  "model": "auth.permission",
  "pk": 34,
  "fields": {
    "name": "Can add social application",
    "content_type": 12,
    "codename": "add_socialapp"
  }
},
{
  "model": "auth.permission",
  "pk": 35,
  "fields": {
    "name": "Can change social application",
    "content_type": 12,
    "codename": "change_socialapp"
  }
},
{
  "model": "auth.permission",
  "pk": 36,
  "fields": {
    "name": "Can delete social application",
    "content_type": 12,
    "codename": "delete_socialapp"
  }
},
{
  "model": "auth.permission",
  "pk": 37,
  "fields": {
    "name": "Can add social application token",
    "content_type": 13,
    "codename": "add_socialtoken"
  }
},
{
  "model": "auth.permission",
  "pk": 38,
  "fields": {
    "name": "Can change social application token",
    "content_type": 13,
    "codename": "change_socialtoken"
  }
},
{
  "model": "auth.permission",
  "pk": 39,
  "fields": {
    "name": "Can delete social application token",
    "content_type": 13,
    "codename": "delete_socialtoken"
  }
},
{
  "model": "auth.permission",
  "pk": 40,
  "fields": {
    "name": "Can add social account",
    "content_type": 14,
    "codename": "add_socialaccount"
  }
},
{
  "model": "auth.permission",
  "pk": 41,
  "fields": {
    "name": "Can change social account",
    "content_type": 14,
    "codename": "change_socialaccount"
  }
},
{
  "model": "auth.permission",
  "pk": 42,
  "fields": {
    "name": "Can delete social account",
    "content_type": 14,
    "codename": "delete_socialaccount"
  }
},
{
  "model": "auth.permission",
  "pk": 43,
  "fields": {
    "name": "Can add profile",
    "content_type": 15,
    "codename": "add_profile"
  }
},
{
  "model": "auth.permission",
  "pk": 44,
  "fields": {
    "name": "Can change profile",
    "content_type": 15,
    "codename": "change_profile"
  }
},
{
  "model": "auth.permission",
  "pk": 45,
  "fields": {
    "name": "Can delete profile",
    "content_type": 15,
    "codename": "delete_profile"
  }
},
{
  "model": "auth.group",
  "pk": 1,
  "fields": {
    "name": "Authors",
    "permissions": []
  }
},
{
  "model": "auth.group",
  "pk": 2,
  "fields": {
    "name": "Readers",
    "permissions": []
  }
},
{
  "model": "auth.user",
  "pk": 1,
  "fields": {
    "password": "pbkdf2_sha256$36000$aGzZcJMYGxmr$v2j2EW1GwvQQmC4L4WZd1uy9RmCDru8w3OOfQVIPY+8=",
    "last_login": "2017-11-08T10:08:19.970Z",
    "is_superuser": true,
    "username": "sunil",
    "first_name": "Sunil",
    "last_name": "More",
    "email": "sunil9766@gmail.com",
    "is_staff": true,
    "is_active": true,
    "date_joined": "2017-10-30T11:39:54Z",
    "groups": [],
    "user_permissions": []
  }
},
{
  "model": "auth.user",
  "pk": 2,
  "fields": {
    "password": "pbkdf2_sha256$36000$XKx7G4uMuFMN$6/eXDl9bvE7rNTdU6b6NW6kXZcigGpmO0ot8yEx60qE=",
    "last_login": "2017-11-04T12:45:00.696Z",
    "is_superuser": false,
    "username": "suryakant",
    "first_name": "Suryakant",
    "last_name": "Phalle",
    "email": "suryakantjp@gmail.com",
    "is_staff": true,
    "is_active": true,
    "date_joined": "2017-10-30T11:49:18Z",
    "groups": [],
    "user_permissions": [
      20
    ]
  }
},
{
  "model": "auth.user",
  "pk": 3,
  "fields": {
    "password": "pbkdf2_sha256$36000$yPzppXaFttfT$4EtFHxpkPBAypUskuoS1q2Iw46if4UbFJ7JlyyxJdok=",
    "last_login": "2017-11-08T09:45:44.252Z",
    "is_superuser": false,
    "username": "test1",
    "first_name": "",
    "last_name": "",
    "email": "test1@gmail.com",
    "is_staff": false,
    "is_active": true,
    "date_joined": "2017-10-31T10:56:41.819Z",
    "groups": [],
    "user_permissions": []
  }
},
{
  "model": "auth.user",
  "pk": 4,
  "fields": {
    "password": "pbkdf2_sha256$36000$LdFibuLDtQ7o$qpHjxD51PcJ2+2eEhCIGmFP3UAt+XEQAuIEm1AGMOlQ=",
    "last_login": "2017-11-04T09:37:35.363Z",
    "is_superuser": false,
    "username": "test2",
    "first_name": "",
    "last_name": "",
    "email": "test2@gmail.com",
    "is_staff": false,
    "is_active": true,
    "date_joined": "2017-10-31T10:57:53.616Z",
    "groups": [],
    "user_permissions": []
  }
},
{
  "model": "auth.user",
  "pk": 5,
  "fields": {
    "password": "pbkdf2_sha256$36000$1yqsPIk3mcEo$w32luX7yVO5N++KI1vinhcTZh+PLtbRctKIhEbIEygs=",
    "last_login": "2017-11-04T09:47:32.971Z",
    "is_superuser": false,
    "username": "test3",
    "first_name": "",
    "last_name": "",
    "email": "test3@gmail.com",
    "is_staff": false,
    "is_active": true,
    "date_joined": "2017-10-31T10:59:09.924Z",
    "groups": [],
    "user_permissions": []
  }
},
{
  "model": "auth.user",
  "pk": 6,
  "fields": {
    "password": "pbkdf2_sha256$36000$XgT6daqAY7Bv$rctk7NaNGOF2bpTN809n3HUWXKSmbZWYUI9KmyakEK4=",
    "last_login": null,
    "is_superuser": false,
    "username": "sachin",
    "first_name": "Sachin",
    "last_name": "Nawale",
    "email": "sachinnawale99@gmail.com",
    "is_staff": false,
    "is_active": true,
    "date_joined": "2017-11-02T05:13:54Z",
    "groups": [],
    "user_permissions": []
  }
},
{
  "model": "auth.user",
  "pk": 7,
  "fields": {
    "password": "pbkdf2_sha256$36000$afDvcNbF9NXp$kiljPV0rmxk/uyhx2Mr+ZrYhqwqtcQHfCjlQiRuhs98=",
    "last_login": null,
    "is_superuser": false,
    "username": "john",
    "first_name": "John",
    "last_name": "Lennon",
    "email": "lennon@thebeatles.com",
    "is_staff": false,
    "is_active": true,
    "date_joined": "2017-11-04T07:17:50.653Z",
    "groups": [],
    "user_permissions": []
  }
},
{
  "model": "auth.user",
  "pk": 19,
  "fields": {
    "password": "pbkdf2_sha256$36000$mZUKnLxCzcrz$CiEezl1fKE9IHJMQDLJtwqqUE4YZPIo2Ytc4U7IK/hA=",
    "last_login": null,
    "is_superuser": false,
    "username": "test10",
    "first_name": "",
    "last_name": "",
    "email": "test10@gmail.com",
    "is_staff": false,
    "is_active": false,
    "date_joined": "2017-11-08T06:32:37.691Z",
    "groups": [],
    "user_permissions": []
  }
},
{
  "model": "auth.user",
  "pk": 26,
  "fields": {
    "password": "pbkdf2_sha256$36000$mm3NeteAXLfS$jLAIM/b/w9NM0OeE9uE1yPjh10PZPRUy9WTOMPKb+7I=",
    "last_login": "2017-11-08T07:02:13.858Z",
    "is_superuser": false,
    "username": "test8",
    "first_name": "",
    "last_name": "",
    "email": "test8@gmail.com",
    "is_staff": false,
    "is_active": true,
    "date_joined": "2017-11-08T07:02:04.906Z",
    "groups": [],
    "user_permissions": []
  }
},
{
  "model": "admin.logentry",
  "pk": 1,
  "fields": {
    "action_time": "2017-10-30T11:48:17.634Z",
    "user": 1,
    "content_type": 7,
    "object_id": "1",
    "object_repr": "First Blog",
    "action_flag": 1,
    "change_message": "[{\"added\": {}}]"
  }
},
{
  "model": "admin.logentry",
  "pk": 2,
  "fields": {
    "action_time": "2017-10-30T11:49:18.875Z",
    "user": 1,
    "content_type": 4,
    "object_id": "2",
    "object_repr": "suryakant",
    "action_flag": 1,
    "change_message": "[{\"added\": {}}]"
  }
},
{
  "model": "admin.logentry",
  "pk": 3,
  "fields": {
    "action_time": "2017-10-30T11:49:42.108Z",
    "user": 1,
    "content_type": 4,
    "object_id": "2",
    "object_repr": "suryakant",
    "action_flag": 2,
    "change_message": "[{\"changed\": {\"fields\": [\"first_name\", \"last_name\", \"email\", \"is_staff\"]}}]"
  }
},
{
  "model": "admin.logentry",
  "pk": 4,
  "fields": {
    "action_time": "2017-10-30T11:49:53.016Z",
    "user": 1,
    "content_type": 4,
    "object_id": "1",
    "object_repr": "sunil",
    "action_flag": 2,
    "change_message": "[{\"changed\": {\"fields\": [\"first_name\", \"last_name\"]}}]"
  }
},
{
  "model": "admin.logentry",
  "pk": 5,
  "fields": {
    "action_time": "2017-10-30T11:50:20.217Z",
    "user": 1,
    "content_type": 7,
    "object_id": "2",
    "object_repr": "A Unique Slug Generator for Django",
    "action_flag": 1,
    "change_message": "[{\"added\": {}}]"
  }
},
{
  "model": "admin.logentry",
  "pk": 6,
  "fields": {
    "action_time": "2017-10-30T13:06:52.804Z",
    "user": 1,
    "content_type": 7,
    "object_id": "3",
    "object_repr": "bootstrap 4 is here",
    "action_flag": 1,
    "change_message": "[{\"added\": {}}]"
  }
},
{
  "model": "admin.logentry",
  "pk": 7,
  "fields": {
    "action_time": "2017-10-30T13:07:51.380Z",
    "user": 1,
    "content_type": 7,
    "object_id": "4",
    "object_repr": "Navbar",
    "action_flag": 1,
    "change_message": "[{\"added\": {}}]"
  }
},
{
  "model": "admin.logentry",
  "pk": 8,
  "fields": {
    "action_time": "2017-10-30T13:08:20.360Z",
    "user": 1,
    "content_type": 7,
    "object_id": "3",
    "object_repr": "bootstrap 4 is here",
    "action_flag": 2,
    "change_message": "[{\"changed\": {\"fields\": [\"draft\"]}}]"
  }
},
{
  "model": "admin.logentry",
  "pk": 9,
  "fields": {
    "action_time": "2017-10-30T13:08:26.144Z",
    "user": 1,
    "content_type": 7,
    "object_id": "4",
    "object_repr": "Navbar",
    "action_flag": 2,
    "change_message": "[{\"changed\": {\"fields\": [\"draft\"]}}]"
  }
},
{
  "model": "admin.logentry",
  "pk": 10,
  "fields": {
    "action_time": "2017-10-30T13:21:39.813Z",
    "user": 1,
    "content_type": 7,
    "object_id": "5",
    "object_repr": "Cards",
    "action_flag": 1,
    "change_message": "[{\"added\": {}}]"
  }
},
{
  "model": "admin.logentry",
  "pk": 11,
  "fields": {
    "action_time": "2017-10-30T13:22:13.739Z",
    "user": 1,
    "content_type": 7,
    "object_id": "6",
    "object_repr": "Alerts",
    "action_flag": 1,
    "change_message": "[{\"added\": {}}]"
  }
},
{
  "model": "admin.logentry",
  "pk": 12,
  "fields": {
    "action_time": "2017-10-30T13:22:38.703Z",
    "user": 1,
    "content_type": 7,
    "object_id": "7",
    "object_repr": "Badges",
    "action_flag": 1,
    "change_message": "[{\"added\": {}}]"
  }
},
{
  "model": "admin.logentry",
  "pk": 13,
  "fields": {
    "action_time": "2017-10-30T13:23:09.962Z",
    "user": 1,
    "content_type": 7,
    "object_id": "8",
    "object_repr": "Breadcrumb",
    "action_flag": 1,
    "change_message": "[{\"added\": {}}]"
  }
},
{
  "model": "admin.logentry",
  "pk": 14,
  "fields": {
    "action_time": "2017-10-30T13:23:29.362Z",
    "user": 1,
    "content_type": 7,
    "object_id": "9",
    "object_repr": "Buttons",
    "action_flag": 1,
    "change_message": "[{\"added\": {}}]"
  }
},
{
  "model": "admin.logentry",
  "pk": 15,
  "fields": {
    "action_time": "2017-10-30T13:23:49.034Z",
    "user": 1,
    "content_type": 7,
    "object_id": "10",
    "object_repr": "Button group",
    "action_flag": 1,
    "change_message": "[{\"added\": {}}]"
  }
},
{
  "model": "admin.logentry",
  "pk": 16,
  "fields": {
    "action_time": "2017-10-30T13:24:16.607Z",
    "user": 1,
    "content_type": 7,
    "object_id": "11",
    "object_repr": "Forms",
    "action_flag": 1,
    "change_message": "[{\"added\": {}}]"
  }
},
{
  "model": "admin.logentry",
  "pk": 17,
  "fields": {
    "action_time": "2017-10-31T05:13:54.585Z",
    "user": 1,
    "content_type": 7,
    "object_id": "1",
    "object_repr": "First Blog",
    "action_flag": 2,
    "change_message": "[{\"changed\": {\"fields\": [\"read_time\"]}}]"
  }
},
{
  "model": "admin.logentry",
  "pk": 18,
  "fields": {
    "action_time": "2017-10-31T06:25:41.772Z",
    "user": 1,
    "content_type": 7,
    "object_id": "12",
    "object_repr": "test1",
    "action_flag": 2,
    "change_message": "[{\"changed\": {\"fields\": [\"slug\"]}}]"
  }
},
{
  "model": "admin.logentry",
  "pk": 19,
  "fields": {
    "action_time": "2017-10-31T06:26:58.922Z",
    "user": 1,
    "content_type": 7,
    "object_id": "13",
    "object_repr": "test2",
    "action_flag": 2,
    "change_message": "[{\"changed\": {\"fields\": [\"slug\"]}}]"
  }
},
{
  "model": "admin.logentry",
  "pk": 20,
  "fields": {
    "action_time": "2017-10-31T06:33:17.193Z",
    "user": 1,
    "content_type": 7,
    "object_id": "14",
    "object_repr": "test3",
    "action_flag": 2,
    "change_message": "[{\"changed\": {\"fields\": [\"slug\"]}}]"
  }
},
{
  "model": "admin.logentry",
  "pk": 21,
  "fields": {
    "action_time": "2017-10-31T06:33:57.375Z",
    "user": 1,
    "content_type": 7,
    "object_id": "15",
    "object_repr": "test4",
    "action_flag": 2,
    "change_message": "[{\"changed\": {\"fields\": [\"slug\"]}}]"
  }
},
{
  "model": "admin.logentry",
  "pk": 22,
  "fields": {
    "action_time": "2017-10-31T06:36:29.728Z",
    "user": 1,
    "content_type": 7,
    "object_id": "16",
    "object_repr": "test4",
    "action_flag": 3,
    "change_message": ""
  }
},
{
  "model": "admin.logentry",
  "pk": 23,
  "fields": {
    "action_time": "2017-10-31T06:44:53.155Z",
    "user": 1,
    "content_type": 7,
    "object_id": "17",
    "object_repr": "test5",
    "action_flag": 2,
    "change_message": "[{\"changed\": {\"fields\": [\"slug\"]}}]"
  }
},
{
  "model": "admin.logentry",
  "pk": 24,
  "fields": {
    "action_time": "2017-10-31T06:47:13.531Z",
    "user": 1,
    "content_type": 7,
    "object_id": "22",
    "object_repr": "test6",
    "action_flag": 3,
    "change_message": ""
  }
},
{
  "model": "admin.logentry",
  "pk": 25,
  "fields": {
    "action_time": "2017-10-31T06:47:13.629Z",
    "user": 1,
    "content_type": 7,
    "object_id": "21",
    "object_repr": "test6",
    "action_flag": 3,
    "change_message": ""
  }
},
{
  "model": "admin.logentry",
  "pk": 26,
  "fields": {
    "action_time": "2017-10-31T06:47:13.740Z",
    "user": 1,
    "content_type": 7,
    "object_id": "20",
    "object_repr": "test6",
    "action_flag": 3,
    "change_message": ""
  }
},
{
  "model": "admin.logentry",
  "pk": 27,
  "fields": {
    "action_time": "2017-10-31T06:47:13.829Z",
    "user": 1,
    "content_type": 7,
    "object_id": "19",
    "object_repr": "test6",
    "action_flag": 3,
    "change_message": ""
  }
},
{
  "model": "admin.logentry",
  "pk": 28,
  "fields": {
    "action_time": "2017-10-31T06:47:13.907Z",
    "user": 1,
    "content_type": 7,
    "object_id": "18",
    "object_repr": "test6",
    "action_flag": 3,
    "change_message": ""
  }
},
{
  "model": "admin.logentry",
  "pk": 29,
  "fields": {
    "action_time": "2017-10-31T06:48:15.835Z",
    "user": 1,
    "content_type": 7,
    "object_id": "23",
    "object_repr": "test 6",
    "action_flag": 2,
    "change_message": "[{\"changed\": {\"fields\": [\"slug\"]}}]"
  }
},
{
  "model": "admin.logentry",
  "pk": 30,
  "fields": {
    "action_time": "2017-10-31T06:59:30.410Z",
    "user": 1,
    "content_type": 7,
    "object_id": "24",
    "object_repr": "test 7",
    "action_flag": 2,
    "change_message": "[{\"changed\": {\"fields\": [\"slug\"]}}]"
  }
},
{
  "model": "admin.logentry",
  "pk": 31,
  "fields": {
    "action_time": "2017-11-01T07:21:16.467Z",
    "user": 1,
    "content_type": 8,
    "object_id": "1",
    "object_repr": "sunil test1",
    "action_flag": 1,
    "change_message": "[{\"added\": {}}]"
  }
},
{
  "model": "admin.logentry",
  "pk": 32,
  "fields": {
    "action_time": "2017-11-01T07:22:09.811Z",
    "user": 1,
    "content_type": 8,
    "object_id": "2",
    "object_repr": "sunil test1",
    "action_flag": 1,
    "change_message": "[{\"added\": {}}]"
  }
},
{
  "model": "admin.logentry",
  "pk": 33,
  "fields": {
    "action_time": "2017-11-01T07:28:09.959Z",
    "user": 1,
    "content_type": 8,
    "object_id": "3",
    "object_repr": "suryakant test1",
    "action_flag": 1,
    "change_message": "[{\"added\": {}}]"
  }
},
{
  "model": "admin.logentry",
  "pk": 34,
  "fields": {
    "action_time": "2017-11-02T05:14:56.681Z",
    "user": 1,
    "content_type": 4,
    "object_id": "6",
    "object_repr": "sachin",
    "action_flag": 2,
    "change_message": "[{\"changed\": {\"fields\": [\"first_name\", \"last_name\"]}}]"
  }
},
{
  "model": "admin.logentry",
  "pk": 35,
  "fields": {
    "action_time": "2017-11-02T10:34:42.441Z",
    "user": 1,
    "content_type": 8,
    "object_id": "10",
    "object_repr": "sunil testing replies",
    "action_flag": 1,
    "change_message": "[{\"added\": {}}]"
  }
},
{
  "model": "admin.logentry",
  "pk": 36,
  "fields": {
    "action_time": "2017-11-02T10:40:32.223Z",
    "user": 1,
    "content_type": 8,
    "object_id": "11",
    "object_repr": "sunil testing replies #2",
    "action_flag": 1,
    "change_message": "[{\"added\": {}}]"
  }
},
{
  "model": "admin.logentry",
  "pk": 37,
  "fields": {
    "action_time": "2017-11-02T10:40:54.256Z",
    "user": 1,
    "content_type": 8,
    "object_id": "10",
    "object_repr": "sunil testing replies #1",
    "action_flag": 2,
    "change_message": "[{\"changed\": {\"fields\": [\"content\"]}}]"
  }
},
{
  "model": "admin.logentry",
  "pk": 38,
  "fields": {
    "action_time": "2017-11-02T10:42:00.913Z",
    "user": 1,
    "content_type": 8,
    "object_id": "12",
    "object_repr": "sunil testing replies for shsahfahwioiwshda #1",
    "action_flag": 1,
    "change_message": "[{\"added\": {}}]"
  }
},
{
  "model": "admin.logentry",
  "pk": 39,
  "fields": {
    "action_time": "2017-11-04T07:31:11.053Z",
    "user": 1,
    "content_type": 2,
    "object_id": "1",
    "object_repr": "Authors",
    "action_flag": 1,
    "change_message": "[{\"added\": {}}]"
  }
},
{
  "model": "admin.logentry",
  "pk": 40,
  "fields": {
    "action_time": "2017-11-04T07:31:20.832Z",
    "user": 1,
    "content_type": 2,
    "object_id": "2",
    "object_repr": "Readers",
    "action_flag": 1,
    "change_message": "[{\"added\": {}}]"
  }
},
{
  "model": "admin.logentry",
  "pk": 41,
  "fields": {
    "action_time": "2017-11-04T07:56:20.410Z",
    "user": 1,
    "content_type": 4,
    "object_id": "2",
    "object_repr": "suryakant",
    "action_flag": 2,
    "change_message": "[{\"changed\": {\"fields\": [\"user_permissions\"]}}]"
  }
},
{
  "model": "admin.logentry",
  "pk": 42,
  "fields": {
    "action_time": "2017-11-04T08:09:48.408Z",
    "user": 1,
    "content_type": 4,
    "object_id": "2",
    "object_repr": "suryakant",
    "action_flag": 2,
    "change_message": "[{\"changed\": {\"fields\": [\"user_permissions\"]}}]"
  }
},
{
  "model": "admin.logentry",
  "pk": 43,
  "fields": {
    "action_time": "2017-11-06T08:06:42.822Z",
    "user": 1,
    "content_type": 7,
    "object_id": "25",
    "object_repr": "terminal post",
    "action_flag": 2,
    "change_message": "[{\"changed\": {\"fields\": [\"draft\"]}}]"
  }
},
{
  "model": "admin.logentry",
  "pk": 44,
  "fields": {
    "action_time": "2017-11-06T11:31:27.469Z",
    "user": 1,
    "content_type": 7,
    "object_id": "25",
    "object_repr": "terminal post",
    "action_flag": 2,
    "change_message": "[{\"changed\": {\"fields\": [\"draft\"]}}]"
  }
},
{
  "model": "admin.logentry",
  "pk": 45,
  "fields": {
    "action_time": "2017-11-06T11:32:40.831Z",
    "user": 1,
    "content_type": 7,
    "object_id": "26",
    "object_repr": "Search",
    "action_flag": 2,
    "change_message": "[{\"changed\": {\"fields\": [\"draft\"]}}]"
  }
},
{
  "model": "admin.logentry",
  "pk": 46,
  "fields": {
    "action_time": "2017-11-07T11:14:05.380Z",
    "user": 1,
    "content_type": 15,
    "object_id": "1",
    "object_repr": "sunil True",
    "action_flag": 1,
    "change_message": "[{\"added\": {}}]"
  }
},
{
  "model": "admin.logentry",
  "pk": 47,
  "fields": {
    "action_time": "2017-11-07T11:14:24.297Z",
    "user": 1,
    "content_type": 15,
    "object_id": "2",
    "object_repr": "suryakant False",
    "action_flag": 1,
    "change_message": "[{\"added\": {}}]"
  }
},
{
  "model": "admin.logentry",
  "pk": 48,
  "fields": {
    "action_time": "2017-11-07T11:14:50.393Z",
    "user": 1,
    "content_type": 15,
    "object_id": "3",
    "object_repr": "sachin False",
    "action_flag": 1,
    "change_message": "[{\"added\": {}}]"
  }
},
{
  "model": "admin.logentry",
  "pk": 49,
  "fields": {
    "action_time": "2017-11-07T11:14:55.940Z",
    "user": 1,
    "content_type": 15,
    "object_id": "2",
    "object_repr": "suryakant True",
    "action_flag": 2,
    "change_message": "[{\"changed\": {\"fields\": [\"activated\"]}}]"
  }
},
{
  "model": "admin.logentry",
  "pk": 50,
  "fields": {
    "action_time": "2017-11-07T11:15:10.799Z",
    "user": 1,
    "content_type": 15,
    "object_id": "4",
    "object_repr": "test1 False",
    "action_flag": 1,
    "change_message": "[{\"added\": {}}]"
  }
},
{
  "model": "admin.logentry",
  "pk": 51,
  "fields": {
    "action_time": "2017-11-07T11:15:30.433Z",
    "user": 1,
    "content_type": 15,
    "object_id": "5",
    "object_repr": "test2 False",
    "action_flag": 1,
    "change_message": "[{\"added\": {}}]"
  }
},
{
  "model": "admin.logentry",
  "pk": 52,
  "fields": {
    "action_time": "2017-11-07T11:15:47.040Z",
    "user": 1,
    "content_type": 15,
    "object_id": "6",
    "object_repr": "test3 False",
    "action_flag": 1,
    "change_message": "[{\"added\": {}}]"
  }
},
{
  "model": "admin.logentry",
  "pk": 53,
  "fields": {
    "action_time": "2017-11-07T11:16:01.842Z",
    "user": 1,
    "content_type": 15,
    "object_id": "7",
    "object_repr": "test4 False",
    "action_flag": 1,
    "change_message": "[{\"added\": {}}]"
  }
},
{
  "model": "admin.logentry",
  "pk": 54,
  "fields": {
    "action_time": "2017-11-07T12:07:00.113Z",
    "user": 1,
    "content_type": 15,
    "object_id": "7",
    "object_repr": "test4 False",
    "action_flag": 2,
    "change_message": "[{\"changed\": {\"fields\": [\"activation_key\"]}}]"
  }
},
{
  "model": "admin.logentry",
  "pk": 55,
  "fields": {
    "action_time": "2017-11-07T12:07:06.040Z",
    "user": 1,
    "content_type": 15,
    "object_id": "6",
    "object_repr": "test3 False",
    "action_flag": 2,
    "change_message": "[{\"changed\": {\"fields\": [\"activation_key\"]}}]"
  }
},
{
  "model": "admin.logentry",
  "pk": 56,
  "fields": {
    "action_time": "2017-11-07T12:07:11.065Z",
    "user": 1,
    "content_type": 15,
    "object_id": "5",
    "object_repr": "test2 False",
    "action_flag": 2,
    "change_message": "[{\"changed\": {\"fields\": [\"activation_key\"]}}]"
  }
},
{
  "model": "admin.logentry",
  "pk": 57,
  "fields": {
    "action_time": "2017-11-07T12:07:15.993Z",
    "user": 1,
    "content_type": 15,
    "object_id": "4",
    "object_repr": "test1 False",
    "action_flag": 2,
    "change_message": "[{\"changed\": {\"fields\": [\"activation_key\"]}}]"
  }
},
{
  "model": "admin.logentry",
  "pk": 58,
  "fields": {
    "action_time": "2017-11-07T12:40:29.261Z",
    "user": 1,
    "content_type": 15,
    "object_id": "7",
    "object_repr": "test4 False",
    "action_flag": 3,
    "change_message": ""
  }
},
{
  "model": "admin.logentry",
  "pk": 59,
  "fields": {
    "action_time": "2017-11-07T13:08:46.734Z",
    "user": 1,
    "content_type": 4,
    "object_id": "9",
    "object_repr": "test5",
    "action_flag": 3,
    "change_message": ""
  }
},
{
  "model": "admin.logentry",
  "pk": 60,
  "fields": {
    "action_time": "2017-11-08T06:13:39.803Z",
    "user": 1,
    "content_type": 4,
    "object_id": "13",
    "object_repr": "test7",
    "action_flag": 3,
    "change_message": ""
  }
},
{
  "model": "admin.logentry",
  "pk": 61,
  "fields": {
    "action_time": "2017-11-08T06:14:40.487Z",
    "user": 1,
    "content_type": 4,
    "object_id": "14",
    "object_repr": "test7",
    "action_flag": 3,
    "change_message": ""
  }
},
{
  "model": "admin.logentry",
  "pk": 62,
  "fields": {
    "action_time": "2017-11-08T06:17:41.733Z",
    "user": 1,
    "content_type": 4,
    "object_id": "15",
    "object_repr": "test7",
    "action_flag": 3,
    "change_message": ""
  }
},
{
  "model": "admin.logentry",
  "pk": 63,
  "fields": {
    "action_time": "2017-11-08T06:31:05.494Z",
    "user": 1,
    "content_type": 9,
    "object_id": "2",
    "object_repr": "http://127.0.0.1:8000",
    "action_flag": 1,
    "change_message": "[{\"added\": {}}]"
  }
},
{
  "model": "admin.logentry",
  "pk": 64,
  "fields": {
    "action_time": "2017-11-08T06:31:31.447Z",
    "user": 1,
    "content_type": 9,
    "object_id": "1",
    "object_repr": "example.com",
    "action_flag": 3,
    "change_message": ""
  }
},
{
  "model": "admin.logentry",
  "pk": 65,
  "fields": {
    "action_time": "2017-11-08T06:33:20.125Z",
    "user": 1,
    "content_type": 9,
    "object_id": "2",
    "object_repr": "http://127.0.0.1:8000",
    "action_flag": 2,
    "change_message": "[{\"changed\": {\"fields\": [\"name\"]}}]"
  }
},
{
  "model": "admin.logentry",
  "pk": 66,
  "fields": {
    "action_time": "2017-11-08T06:33:35.921Z",
    "user": 1,
    "content_type": 9,
    "object_id": "3",
    "object_repr": "localhost:8000",
    "action_flag": 1,
    "change_message": "[{\"added\": {}}]"
  }
},
{
  "model": "admin.logentry",
  "pk": 67,
  "fields": {
    "action_time": "2017-11-08T06:33:43.016Z",
    "user": 1,
    "content_type": 9,
    "object_id": "2",
    "object_repr": "127.0.0.1:8000",
    "action_flag": 2,
    "change_message": "[{\"changed\": {\"fields\": [\"domain\", \"name\"]}}]"
  }
},
{
  "model": "admin.logentry",
  "pk": 68,
  "fields": {
    "action_time": "2017-11-08T06:34:01.825Z",
    "user": 1,
    "content_type": 4,
    "object_id": "11",
    "object_repr": "test6",
    "action_flag": 3,
    "change_message": ""
  }
},
{
  "model": "admin.logentry",
  "pk": 69,
  "fields": {
    "action_time": "2017-11-08T06:34:01.972Z",
    "user": 1,
    "content_type": 4,
    "object_id": "16",
    "object_repr": "test7",
    "action_flag": 3,
    "change_message": ""
  }
},
{
  "model": "admin.logentry",
  "pk": 70,
  "fields": {
    "action_time": "2017-11-08T06:34:02.083Z",
    "user": 1,
    "content_type": 4,
    "object_id": "17",
    "object_repr": "test8",
    "action_flag": 3,
    "change_message": ""
  }
},
{
  "model": "admin.logentry",
  "pk": 71,
  "fields": {
    "action_time": "2017-11-08T06:34:02.194Z",
    "user": 1,
    "content_type": 4,
    "object_id": "18",
    "object_repr": "test9",
    "action_flag": 3,
    "change_message": ""
  }
},
{
  "model": "admin.logentry",
  "pk": 72,
  "fields": {
    "action_time": "2017-11-08T06:39:17.282Z",
    "user": 1,
    "content_type": 9,
    "object_id": "4",
    "object_repr": "example.com",
    "action_flag": 1,
    "change_message": "[{\"added\": {}}]"
  }
},
{
  "model": "admin.logentry",
  "pk": 73,
  "fields": {
    "action_time": "2017-11-08T06:41:00.054Z",
    "user": 1,
    "content_type": 9,
    "object_id": "2",
    "object_repr": "127.0.0.1:8000",
    "action_flag": 3,
    "change_message": ""
  }
},
{
  "model": "admin.logentry",
  "pk": 74,
  "fields": {
    "action_time": "2017-11-08T06:41:00.174Z",
    "user": 1,
    "content_type": 9,
    "object_id": "3",
    "object_repr": "localhost:8000",
    "action_flag": 3,
    "change_message": ""
  }
},
{
  "model": "admin.logentry",
  "pk": 75,
  "fields": {
    "action_time": "2017-11-08T06:41:25.255Z",
    "user": 1,
    "content_type": 4,
    "object_id": "10",
    "object_repr": "test5",
    "action_flag": 3,
    "change_message": ""
  }
},
{
  "model": "admin.logentry",
  "pk": 76,
  "fields": {
    "action_time": "2017-11-08T06:41:25.374Z",
    "user": 1,
    "content_type": 4,
    "object_id": "20",
    "object_repr": "test6",
    "action_flag": 3,
    "change_message": ""
  }
},
{
  "model": "admin.logentry",
  "pk": 77,
  "fields": {
    "action_time": "2017-11-08T06:41:25.474Z",
    "user": 1,
    "content_type": 4,
    "object_id": "21",
    "object_repr": "test7",
    "action_flag": 3,
    "change_message": ""
  }
},
{
  "model": "admin.logentry",
  "pk": 78,
  "fields": {
    "action_time": "2017-11-08T06:43:27.336Z",
    "user": 1,
    "content_type": 9,
    "object_id": "4",
    "object_repr": "example.com",
    "action_flag": 3,
    "change_message": ""
  }
},
{
  "model": "admin.logentry",
  "pk": 79,
  "fields": {
    "action_time": "2017-11-08T06:50:40.117Z",
    "user": 1,
    "content_type": 9,
    "object_id": "5",
    "object_repr": "http://127.0.0.1:8000",
    "action_flag": 2,
    "change_message": "[{\"changed\": {\"fields\": [\"domain\", \"name\"]}}]"
  }
},
{
  "model": "admin.logentry",
  "pk": 80,
  "fields": {
    "action_time": "2017-11-08T06:52:40.878Z",
    "user": 1,
    "content_type": 9,
    "object_id": "5",
    "object_repr": "127.0.0.1:8000",
    "action_flag": 2,
    "change_message": "[{\"changed\": {\"fields\": [\"domain\", \"name\"]}}]"
  }
},
{
  "model": "admin.logentry",
  "pk": 81,
  "fields": {
    "action_time": "2017-11-08T07:01:43.216Z",
    "user": 1,
    "content_type": 4,
    "object_id": "8",
    "object_repr": "test4",
    "action_flag": 3,
    "change_message": ""
  }
},
{
  "model": "admin.logentry",
  "pk": 82,
  "fields": {
    "action_time": "2017-11-08T07:01:43.325Z",
    "user": 1,
    "content_type": 4,
    "object_id": "22",
    "object_repr": "test5",
    "action_flag": 3,
    "change_message": ""
  }
},
{
  "model": "admin.logentry",
  "pk": 83,
  "fields": {
    "action_time": "2017-11-08T07:01:43.425Z",
    "user": 1,
    "content_type": 4,
    "object_id": "23",
    "object_repr": "test6",
    "action_flag": 3,
    "change_message": ""
  }
},
{
  "model": "admin.logentry",
  "pk": 84,
  "fields": {
    "action_time": "2017-11-08T07:01:43.520Z",
    "user": 1,
    "content_type": 4,
    "object_id": "24",
    "object_repr": "test7",
    "action_flag": 3,
    "change_message": ""
  }
},
{
  "model": "admin.logentry",
  "pk": 85,
  "fields": {
    "action_time": "2017-11-08T07:01:43.621Z",
    "user": 1,
    "content_type": 4,
    "object_id": "25",
    "object_repr": "test8",
    "action_flag": 3,
    "change_message": ""
  }
},
{
  "model": "posts.comment",
  "pk": 1,
  "fields": {
    "user": 1,
    "post": 12,
    "content": "testing comments",
    "parent": null,
    "updated": "2017-11-01T07:21:16.466Z",
    "timestamp": "2017-11-01T07:21:16.466Z"
  }
},
{
  "model": "posts.comment",
  "pk": 2,
  "fields": {
    "user": 1,
    "post": 12,
    "content": "reply to sunil's testing comments",
    "parent": 1,
    "updated": "2017-11-01T07:22:09.811Z",
    "timestamp": "2017-11-01T07:22:09.811Z"
  }
},
{
  "model": "posts.comment",
  "pk": 3,
  "fields": {
    "user": 2,
    "post": 12,
    "content": "testing new comment",
    "parent": null,
    "updated": "2017-11-01T07:28:09.958Z",
    "timestamp": "2017-11-01T07:28:09.958Z"
  }
},
{
  "model": "posts.comment",
  "pk": 4,
  "fields": {
    "user": 1,
    "post": 12,
    "content": "live test",
    "parent": null,
    "updated": "2017-11-01T08:06:12.956Z",
    "timestamp": "2017-11-01T08:06:12.956Z"
  }
},
{
  "model": "posts.comment",
  "pk": 5,
  "fields": {
    "user": 3,
    "post": 12,
    "content": "comment by test1 user",
    "parent": null,
    "updated": "2017-11-01T08:06:47.100Z",
    "timestamp": "2017-11-01T08:06:47.100Z"
  }
},
{
  "model": "posts.comment",
  "pk": 6,
  "fields": {
    "user": 3,
    "post": 1,
    "content": "hello there",
    "parent": null,
    "updated": "2017-11-01T09:07:33.295Z",
    "timestamp": "2017-11-01T09:07:33.295Z"
  }
},
{
  "model": "posts.comment",
  "pk": 7,
  "fields": {
    "user": 1,
    "post": 15,
    "content": "hkalksalklkfa",
    "parent": null,
    "updated": "2017-11-02T06:59:31.806Z",
    "timestamp": "2017-11-02T06:59:31.806Z"
  }
},
{
  "model": "posts.comment",
  "pk": 8,
  "fields": {
    "user": 1,
    "post": 15,
    "content": "shsahfahwioiwshda",
    "parent": null,
    "updated": "2017-11-02T07:00:51.502Z",
    "timestamp": "2017-11-02T07:00:51.502Z"
  }
},
{
  "model": "posts.comment",
  "pk": 9,
  "fields": {
    "user": 1,
    "post": 16,
    "content": "lets try with detailview comments",
    "parent": null,
    "updated": "2017-11-02T07:05:15.260Z",
    "timestamp": "2017-11-02T07:05:15.260Z"
  }
},
{
  "model": "posts.comment",
  "pk": 10,
  "fields": {
    "user": 1,
    "post": 16,
    "content": "testing replies #1",
    "parent": 9,
    "updated": "2017-11-02T10:40:54.255Z",
    "timestamp": "2017-11-02T10:34:42.440Z"
  }
},
{
  "model": "posts.comment",
  "pk": 11,
  "fields": {
    "user": 1,
    "post": 16,
    "content": "testing replies #2",
    "parent": 9,
    "updated": "2017-11-02T10:40:32.223Z",
    "timestamp": "2017-11-02T10:40:32.223Z"
  }
},
{
  "model": "posts.comment",
  "pk": 12,
  "fields": {
    "user": 1,
    "post": 15,
    "content": "testing replies for shsahfahwioiwshda #1",
    "parent": 8,
    "updated": "2017-11-02T10:42:00.912Z",
    "timestamp": "2017-11-02T10:42:00.912Z"
  }
},
{
  "model": "posts.comment",
  "pk": 13,
  "fields": {
    "user": 1,
    "post": 16,
    "content": "ahsajaskj",
    "parent": null,
    "updated": "2017-11-02T12:13:16.234Z",
    "timestamp": "2017-11-02T12:13:16.234Z"
  }
},
{
  "model": "posts.comment",
  "pk": 14,
  "fields": {
    "user": 3,
    "post": 19,
    "content": "need markdown for code block",
    "parent": null,
    "updated": "2017-11-03T04:35:57.061Z",
    "timestamp": "2017-11-03T04:35:57.061Z"
  }
},
{
  "model": "posts.comment",
  "pk": 15,
  "fields": {
    "user": 3,
    "post": 18,
    "content": "need markdown for code block",
    "parent": null,
    "updated": "2017-11-03T04:58:58.469Z",
    "timestamp": "2017-11-03T04:58:58.469Z"
  }
},
{
  "model": "posts.comment",
  "pk": 16,
  "fields": {
    "user": 3,
    "post": 20,
    "content": "this is the application we are going to deploy: www.djangoboards.com.",
    "parent": null,
    "updated": "2017-11-03T05:00:31.539Z",
    "timestamp": "2017-11-03T05:00:31.539Z"
  }
},
{
  "model": "posts.comment",
  "pk": 17,
  "fields": {
    "user": 3,
    "post": 19,
    "content": "reply for markdown",
    "parent": null,
    "updated": "2017-11-03T05:28:35.632Z",
    "timestamp": "2017-11-03T05:28:35.632Z"
  }
},
{
  "model": "posts.comment",
  "pk": 18,
  "fields": {
    "user": 3,
    "post": 15,
    "content": "testing replies for shsahfahwioiwshda #2",
    "parent": null,
    "updated": "2017-11-03T05:39:56.144Z",
    "timestamp": "2017-11-03T05:39:56.144Z"
  }
},
{
  "model": "posts.comment",
  "pk": 19,
  "fields": {
    "user": 3,
    "post": 20,
    "content": "reply this is the application we are going to deploy: www.djangoboards.com. #1",
    "parent": null,
    "updated": "2017-11-03T05:42:25.973Z",
    "timestamp": "2017-11-03T05:42:25.973Z"
  }
},
{
  "model": "posts.comment",
  "pk": 20,
  "fields": {
    "user": 3,
    "post": 11,
    "content": "comment forms #1",
    "parent": null,
    "updated": "2017-11-03T05:46:02.249Z",
    "timestamp": "2017-11-03T05:46:02.249Z"
  }
},
{
  "model": "posts.comment",
  "pk": 21,
  "fields": {
    "user": 3,
    "post": 11,
    "content": "reply comment forms #1",
    "parent": null,
    "updated": "2017-11-03T05:46:20.086Z",
    "timestamp": "2017-11-03T05:46:20.086Z"
  }
},
{
  "model": "posts.comment",
  "pk": 22,
  "fields": {
    "user": 3,
    "post": 11,
    "content": "reply comment forms #2",
    "parent": 20,
    "updated": "2017-11-03T05:50:56.819Z",
    "timestamp": "2017-11-03T05:50:56.819Z"
  }
},
{
  "model": "posts.comment",
  "pk": 23,
  "fields": {
    "user": 3,
    "post": 11,
    "content": "reply comment forms ##1",
    "parent": 21,
    "updated": "2017-11-03T05:51:26.869Z",
    "timestamp": "2017-11-03T05:51:26.869Z"
  }
},
{
  "model": "posts.comment",
  "pk": 24,
  "fields": {
    "user": 3,
    "post": 18,
    "content": "will be added  soon",
    "parent": 15,
    "updated": "2017-11-03T05:56:34.752Z",
    "timestamp": "2017-11-03T05:56:34.752Z"
  }
},
{
  "model": "posts.comment",
  "pk": 25,
  "fields": {
    "user": 3,
    "post": 18,
    "content": "wait for some more days",
    "parent": 15,
    "updated": "2017-11-03T06:04:54.284Z",
    "timestamp": "2017-11-03T06:04:54.284Z"
  }
},
{
  "model": "posts.comment",
  "pk": 26,
  "fields": {
    "user": 3,
    "post": 18,
    "content": "test",
    "parent": 15,
    "updated": "2017-11-03T06:09:18.112Z",
    "timestamp": "2017-11-03T06:09:18.112Z"
  }
},
{
  "model": "posts.comment",
  "pk": 27,
  "fields": {
    "user": 3,
    "post": 18,
    "content": "test 2",
    "parent": 15,
    "updated": "2017-11-03T06:09:50.824Z",
    "timestamp": "2017-11-03T06:09:50.824Z"
  }
},
{
  "model": "posts.comment",
  "pk": 28,
  "fields": {
    "user": 1,
    "post": 9,
    "content": "comment #1",
    "parent": null,
    "updated": "2017-11-03T06:21:56.680Z",
    "timestamp": "2017-11-03T06:21:56.680Z"
  }
},
{
  "model": "posts.comment",
  "pk": 29,
  "fields": {
    "user": 1,
    "post": 20,
    "content": "reply this is the application we are going to deploy: www.djangoboards.com. #2",
    "parent": null,
    "updated": "2017-11-04T04:48:55.059Z",
    "timestamp": "2017-11-04T04:48:55.059Z"
  }
},
{
  "model": "posts.comment",
  "pk": 30,
  "fields": {
    "user": 1,
    "post": 22,
    "content": "password hashers",
    "parent": null,
    "updated": "2017-11-06T05:59:27.060Z",
    "timestamp": "2017-11-06T05:59:27.060Z"
  }
},
{
  "model": "posts.comment",
  "pk": 31,
  "fields": {
    "user": 1,
    "post": 25,
    "content": "reply to terminal",
    "parent": null,
    "updated": "2017-11-06T06:31:39.321Z",
    "timestamp": "2017-11-06T06:31:39.321Z"
  }
},
{
  "model": "posts.comment",
  "pk": 32,
  "fields": {
    "user": 1,
    "post": 18,
    "content": "add jquery replies",
    "parent": null,
    "updated": "2017-11-06T07:19:15.993Z",
    "timestamp": "2017-11-06T07:19:15.993Z"
  }
},
{
  "model": "posts.comment",
  "pk": 33,
  "fields": {
    "user": 1,
    "post": 18,
    "content": "with ajax",
    "parent": null,
    "updated": "2017-11-06T07:25:41.837Z",
    "timestamp": "2017-11-06T07:25:41.837Z"
  }
},
{
  "model": "posts.comment",
  "pk": 34,
  "fields": {
    "user": 1,
    "post": 18,
    "content": "with ajax",
    "parent": null,
    "updated": "2017-11-06T07:25:51.223Z",
    "timestamp": "2017-11-06T07:25:51.223Z"
  }
},
{
  "model": "posts.comment",
  "pk": 35,
  "fields": {
    "user": 1,
    "post": 22,
    "content": "The next few sections",
    "parent": null,
    "updated": "2017-11-06T07:27:09.813Z",
    "timestamp": "2017-11-06T07:27:09.813Z"
  }
},
{
  "model": "posts.comment",
  "pk": 36,
  "fields": {
    "user": 1,
    "post": 22,
    "content": "modify this setting",
    "parent": null,
    "updated": "2017-11-06T07:28:32.458Z",
    "timestamp": "2017-11-06T07:28:32.458Z"
  }
},
{
  "model": "posts.comment",
  "pk": 37,
  "fields": {
    "user": 1,
    "post": 22,
    "content": "reply #1",
    "parent": null,
    "updated": "2017-11-06T07:29:24.097Z",
    "timestamp": "2017-11-06T07:29:24.097Z"
  }
},
{
  "model": "posts.comment",
  "pk": 38,
  "fields": {
    "user": 1,
    "post": 22,
    "content": "reply #2",
    "parent": 30,
    "updated": "2017-11-06T07:31:30.860Z",
    "timestamp": "2017-11-06T07:31:30.765Z"
  }
},
{
  "model": "posts.comment",
  "pk": 39,
  "fields": {
    "user": 1,
    "post": 22,
    "content": "reply #3",
    "parent": 30,
    "updated": "2017-11-06T07:32:02.906Z",
    "timestamp": "2017-11-06T07:32:02.794Z"
  }
},
{
  "model": "posts.comment",
  "pk": 40,
  "fields": {
    "user": 1,
    "post": 22,
    "content": "reply #4",
    "parent": 30,
    "updated": "2017-11-06T07:32:18.117Z",
    "timestamp": "2017-11-06T07:32:18.005Z"
  }
},
{
  "model": "posts.comment",
  "pk": 41,
  "fields": {
    "user": 1,
    "post": 22,
    "content": "PASSWORD_HASHERS",
    "parent": null,
    "updated": "2017-11-06T07:33:45.954Z",
    "timestamp": "2017-11-06T07:33:45.954Z"
  }
},
{
  "model": "posts.comment",
  "pk": 42,
  "fields": {
    "user": 1,
    "post": 22,
    "content": "The default for PASSWORD_HASHERS is:",
    "parent": null,
    "updated": "2017-11-06T07:34:35.821Z",
    "timestamp": "2017-11-06T07:34:35.821Z"
  }
},
{
  "model": "posts.comment",
  "pk": 43,
  "fields": {
    "user": 1,
    "post": 22,
    "content": "Django chooses the algorithm to use by consulting the PASSWORD_HASHERS setting",
    "parent": null,
    "updated": "2017-11-06T07:35:51.754Z",
    "timestamp": "2017-11-06T07:35:51.754Z"
  }
},
{
  "model": "posts.comment",
  "pk": 44,
  "fields": {
    "user": 1,
    "post": 21,
    "content": "admin site",
    "parent": null,
    "updated": "2017-11-06T09:56:02.386Z",
    "timestamp": "2017-11-06T09:56:02.386Z"
  }
},
{
  "model": "posts.comment",
  "pk": 45,
  "fields": {
    "user": 1,
    "post": 21,
    "content": "reply #1",
    "parent": 44,
    "updated": "2017-11-06T09:57:54.440Z",
    "timestamp": "2017-11-06T09:57:54.276Z"
  }
},
{
  "model": "posts.comment",
  "pk": 46,
  "fields": {
    "user": 1,
    "post": 21,
    "content": "reply #2",
    "parent": 44,
    "updated": "2017-11-06T10:01:56.130Z",
    "timestamp": "2017-11-06T10:01:56.011Z"
  }
},
{
  "model": "posts.comment",
  "pk": 47,
  "fields": {
    "user": 1,
    "post": 21,
    "content": "reply #3",
    "parent": 44,
    "updated": "2017-11-06T10:02:47.896Z",
    "timestamp": "2017-11-06T10:02:47.800Z"
  }
},
{
  "model": "posts.comment",
  "pk": 48,
  "fields": {
    "user": 1,
    "post": 21,
    "content": "Admin actions",
    "parent": null,
    "updated": "2017-11-06T10:03:05.704Z",
    "timestamp": "2017-11-06T10:03:05.704Z"
  }
},
{
  "model": "posts.comment",
  "pk": 49,
  "fields": {
    "user": 1,
    "post": 21,
    "content": "reply #1",
    "parent": 48,
    "updated": "2017-11-06T10:03:13.430Z",
    "timestamp": "2017-11-06T10:03:13.289Z"
  }
},
{
  "model": "posts.comment",
  "pk": 50,
  "fields": {
    "user": 1,
    "post": 21,
    "content": "reply #2",
    "parent": 48,
    "updated": "2017-11-06T10:05:49.986Z",
    "timestamp": "2017-11-06T10:05:49.866Z"
  }
},
{
  "model": "posts.comment",
  "pk": 51,
  "fields": {
    "user": 1,
    "post": 24,
    "content": "Argon2 is not the default for Django because it requires a third-party library",
    "parent": null,
    "updated": "2017-11-06T11:29:45.759Z",
    "timestamp": "2017-11-06T11:29:45.759Z"
  }
},
{
  "model": "posts.comment",
  "pk": 52,
  "fields": {
    "user": 1,
    "post": 26,
    "content": "add full text-search",
    "parent": null,
    "updated": "2017-11-06T12:54:57.900Z",
    "timestamp": "2017-11-06T12:54:57.900Z"
  }
},
{
  "model": "posts.post",
  "pk": 1,
  "fields": {
    "user": 1,
    "title": "First Blog",
    "slug": "first-blog",
    "image": "",
    "height_field": 0,
    "width_field": 0,
    "content": "hello this is first blog",
    "draft": false,
    "publish": "2017-10-30",
    "read_time": 10,
    "views": 3,
    "updated": "2017-11-02T12:12:54.940Z",
    "timestamp": "2017-10-30T11:48:17.633Z"
  }
},
{
  "model": "posts.post",
  "pk": 2,
  "fields": {
    "user": 2,
    "title": "A Unique Slug Generator for Django",
    "slug": "unique-slug-generator-django",
    "image": "",
    "height_field": 0,
    "width_field": 0,
    "content": "Using the Random String Generator, we create unique slugs for any given model.",
    "draft": false,
    "publish": "2017-10-30",
    "read_time": 0,
    "views": 4,
    "updated": "2017-11-08T09:28:33.651Z",
    "timestamp": "2017-10-30T11:50:20.216Z"
  }
},
{
  "model": "posts.post",
  "pk": 3,
  "fields": {
    "user": 1,
    "title": "bootstrap 4 is here",
    "slug": "bootstrap-4-here",
    "image": "",
    "height_field": 0,
    "width_field": 0,
    "content": "Bootstrap is the most popular HTML, CSS, and JS framework in the world for building responsive, mobile-first projects on the web.",
    "draft": false,
    "publish": "2017-10-30",
    "read_time": 0,
    "views": 1,
    "updated": "2017-10-30T13:08:20.359Z",
    "timestamp": "2017-10-30T13:06:52.803Z"
  }
},
{
  "model": "posts.post",
  "pk": 4,
  "fields": {
    "user": 1,
    "title": "Navbar",
    "slug": "navbar",
    "image": "",
    "height_field": 0,
    "width_field": 0,
    "content": "The navbar is a wrapper that positions branding, navigation, and other elements in a concise header. It\u2019s easily extensible and, thanks to our Collapse plugin, can easily integrate responsive behaviors.\r\n\r\nNavbars come with built-in support for a handful of sub-components. Choose from the following as needed:\r\n\r\n.navbar-brand for your company, product, or project name.\r\n.navbar-nav for a full-height and lightweight navigation (including support for dropdowns).\r\n.navbar-toggler for use with our collapse plugin and other navigation toggling behaviors.\r\n.form-inline for any form controls and actions.\r\n.navbar-text for adding vertically centered strings of text.\r\n.collapse.navbar-collapse for grouping and hiding navbar contents by a parent breakpoint.",
    "draft": false,
    "publish": "2017-10-30",
    "read_time": 0,
    "views": 2,
    "updated": "2017-11-02T07:47:55.552Z",
    "timestamp": "2017-10-30T13:07:51.380Z"
  }
},
{
  "model": "posts.post",
  "pk": 5,
  "fields": {
    "user": 2,
    "title": "Cards",
    "slug": "cards",
    "image": "",
    "height_field": 0,
    "width_field": 0,
    "content": "A card is a flexible and extensible content container. It includes options for headers and footers, a wide variety of content, contextual background colors, and powerful display options.\r\n\r\nIf you\u2019re familiar with Bootstrap 3, cards replace our old panels, wells, and thumbnails. Similar functionality to those components is available as modifier classes for cards.",
    "draft": false,
    "publish": "2017-10-30",
    "read_time": 0,
    "views": 1,
    "updated": "2017-10-30T13:21:39.812Z",
    "timestamp": "2017-10-30T13:21:39.812Z"
  }
},
{
  "model": "posts.post",
  "pk": 6,
  "fields": {
    "user": 2,
    "title": "Alerts",
    "slug": "alerts",
    "image": "",
    "height_field": 0,
    "width_field": 0,
    "content": "Provide contextual feedback messages for typical user actions with the handful of available and flexible alert messages.\r\n\r\nAlerts are available for any length of text, as well as an optional dismiss button. For proper styling, use one of the four required contextual classes (e.g., .alert-success). For inline dismissal, use the alerts jQuery plugin.",
    "draft": false,
    "publish": "2017-10-30",
    "read_time": 0,
    "views": 2,
    "updated": "2017-11-01T09:19:47.213Z",
    "timestamp": "2017-10-30T13:22:13.738Z"
  }
},
{
  "model": "posts.post",
  "pk": 7,
  "fields": {
    "user": 1,
    "title": "Badges",
    "slug": "badges",
    "image": "",
    "height_field": 0,
    "width_field": 0,
    "content": "Small and adaptive tag for adding context to just about any content.",
    "draft": false,
    "publish": "2017-10-30",
    "read_time": 5,
    "views": 2,
    "updated": "2017-11-02T12:24:04.057Z",
    "timestamp": "2017-10-30T13:22:38.703Z"
  }
},
{
  "model": "posts.post",
  "pk": 8,
  "fields": {
    "user": 2,
    "title": "Breadcrumb",
    "slug": "breadcrumb",
    "image": "",
    "height_field": 0,
    "width_field": 0,
    "content": "Indicate the current page\u2019s location within a navigational hierarchy. Separators are automatically added in CSS through ::before and content.",
    "draft": false,
    "publish": "2017-10-30",
    "read_time": 0,
    "views": 2,
    "updated": "2017-11-01T09:18:59.207Z",
    "timestamp": "2017-10-30T13:23:09.962Z"
  }
},
{
  "model": "posts.post",
  "pk": 9,
  "fields": {
    "user": 1,
    "title": "Buttons",
    "slug": "buttons",
    "image": "",
    "height_field": 0,
    "width_field": 0,
    "content": "Use Bootstrap\u2019s custom button styles for actions in forms, dialogs, and more. Includes support for a handful of contextual variations, sizes, states, and more.",
    "draft": false,
    "publish": "2017-10-30",
    "read_time": 0,
    "views": 5,
    "updated": "2017-11-03T06:11:42.545Z",
    "timestamp": "2017-10-30T13:23:29.362Z"
  }
},
{
  "model": "posts.post",
  "pk": 10,
  "fields": {
    "user": 1,
    "title": "Button group",
    "slug": "button-group",
    "image": "",
    "height_field": 0,
    "width_field": 0,
    "content": "Group a series of buttons together on a single line with the button group. Add on optional JavaScript radio and checkbox style behavior with our buttons plugin.",
    "draft": false,
    "publish": "2017-10-30",
    "read_time": 0,
    "views": 3,
    "updated": "2017-11-03T06:11:28.404Z",
    "timestamp": "2017-10-30T13:23:49.034Z"
  }
},
{
  "model": "posts.post",
  "pk": 11,
  "fields": {
    "user": 1,
    "title": "Forms",
    "slug": "forms",
    "image": "",
    "height_field": 0,
    "width_field": 0,
    "content": "Bootstrap provides several form control styles, layout options, and custom components for creating a wide variety of forms.\r\n\r\nContents\r\nForm controls\r\nTextual inputs\r\nForm layouts\r\nForm groups\r\nInline forms\r\nUsing the Grid\r\nCheckboxes and radios\r\nDefault (stacked)\r\nInline\r\nWithout labels\r\nStatic controls\r\nDisabled states\r\nReadonly inputs\r\nControl sizing\r\nColumn sizing\r\nHelp text\r\nBlock level\r\nInline\r\nValidation\r\nHow it works\r\nDefining states\r\nExamples\r\nCustom forms\r\nCheckboxes and radios\r\nCheckboxes\r\nRadios\r\nDisabled\r\nValidation states\r\nStacked\r\nSelect menu\r\nFile browser\r\nTranslating or customizing the strings",
    "draft": false,
    "publish": "2017-10-30",
    "read_time": 10,
    "views": 4,
    "updated": "2017-11-03T05:45:49.150Z",
    "timestamp": "2017-10-30T13:24:16.607Z"
  }
},
{
  "model": "posts.post",
  "pk": 12,
  "fields": {
    "user": 1,
    "title": "stackoverflow",
    "slug": "test1",
    "image": "",
    "height_field": 0,
    "width_field": 0,
    "content": "Learn, Share, Build\r\nEach month, over 50 million developers come to Stack Overflow to learn, share their knowledge, and build their careers.\r\n\r\nJoin the world\u2019s largest developer community.",
    "draft": false,
    "publish": "2017-10-31",
    "read_time": 2,
    "views": 10,
    "updated": "2017-11-07T06:11:30.630Z",
    "timestamp": "2017-10-31T06:25:20.595Z"
  }
},
{
  "model": "posts.post",
  "pk": 15,
  "fields": {
    "user": 3,
    "title": "The template layer",
    "slug": "the-template-layer",
    "image": "",
    "height_field": 0,
    "width_field": 0,
    "content": "The template layer provides a designer-friendly syntax for rendering the information to be presented to the user. Learn how this syntax can be used by designers and how it can be extended by programmers:\r\n\r\nThe basics: Overview\r\nFor designers: Language overview | Built-in tags and filters | Humanization\r\nFor programmers: Template API | Custom tags and filters",
    "draft": false,
    "publish": "2017-11-01",
    "read_time": 0,
    "views": 6,
    "updated": "2017-11-06T12:08:08.846Z",
    "timestamp": "2017-11-01T09:21:10.003Z"
  }
},
{
  "model": "posts.post",
  "pk": 16,
  "fields": {
    "user": 2,
    "title": "post creation using CreateView",
    "slug": "post-creation-using-createview",
    "image": "",
    "height_field": 0,
    "width_field": 0,
    "content": "post creation using CreateView and edited with UpdateView",
    "draft": false,
    "publish": "2017-11-01",
    "read_time": 5,
    "views": 4,
    "updated": "2017-11-02T13:22:11.124Z",
    "timestamp": "2017-11-01T11:22:00.281Z"
  }
},
{
  "model": "posts.post",
  "pk": 18,
  "fields": {
    "user": 1,
    "title": "Built-in template tags and filters : autoescape",
    "slug": "built-in-template-tags-and-filters-autoescape",
    "image": "",
    "height_field": 0,
    "width_field": 0,
    "content": "Controls the current auto-escaping behavior. This tag takes either on or off as an argument and that determines whether auto-escaping is in effect inside the block. The block is closed with an endautoescape ending tag.\r\n\r\nWhen auto-escaping is in effect, all variable content has HTML escaping applied to it before placing the result into the output (but after any filters have been applied). This is equivalent to manually applying the escape filter to each variable.\r\n\r\nThe only exceptions are variables that are already marked as \u201csafe\u201d from escaping, either by the code that populated the variable, or because it has had the safe or escape filters applied.\r\n\r\nSample usage:\r\n\r\n{% autoescape on %}\r\n    {{ body }}\r\n{% endautoescape %}",
    "draft": false,
    "publish": "2017-11-02",
    "read_time": 10,
    "views": 5,
    "updated": "2017-11-06T07:17:44.789Z",
    "timestamp": "2017-11-02T09:53:37.150Z"
  }
},
{
  "model": "posts.post",
  "pk": 19,
  "fields": {
    "user": 1,
    "title": "Form fields",
    "slug": "form-fields",
    "image": "",
    "height_field": 0,
    "width_field": 0,
    "content": "class Field(**kwargs)\r\nWhen you create a Form class, the most important part is defining the fields of the form. Each field has custom validation logic, along with a few other hooks.\r\n\r\nField.clean(value)\r\nAlthough the primary way you\u2019ll use Field classes is in Form classes, you can also instantiate them and use them directly to get a better idea of how they work. Each Field instance has a clean() method, which takes a single argument and either raises a django.forms.ValidationError exception or returns the clean value:",
    "draft": false,
    "publish": "2017-11-02",
    "read_time": 10,
    "views": 3,
    "updated": "2017-11-03T04:35:18.437Z",
    "timestamp": "2017-11-02T12:23:35.921Z"
  }
},
{
  "model": "posts.post",
  "pk": 20,
  "fields": {
    "user": 1,
    "title": "A Complete Beginner's Guide to Django - Part 7",
    "slug": "a-complete-beginners-guide-to-django-part-7",
    "image": "",
    "height_field": 0,
    "width_field": 0,
    "content": "Welcome to the [last part](https://simpleisbetterthancomplex.com/series/2017/10/16/a-complete-beginners-guide-to-django-part-7.html) of our tutorial series! In this tutorial, we are going to deploy our Django application to a production server. We are also going to configure an Email service and HTTPS certificates for our servers.\r\n\r\nAt first, I thought about given an example using a Virtual Private Server (VPS), which is more generic and then using one Platform as a Service such as Heroku. But it was too much detail, so I ended up creating this tutorial focused on VPSs.\r\n\r\nOur project is live! If you want to check online before you go through the text, this is the application we are going to deploy:[ www.djangoboards.com](www.djangoboards.com).",
    "draft": false,
    "publish": "2017-11-02",
    "read_time": 10,
    "views": 5,
    "updated": "2017-11-04T06:41:58.545Z",
    "timestamp": "2017-11-02T12:44:34.074Z"
  }
},
{
  "model": "posts.post",
  "pk": 21,
  "fields": {
    "user": 1,
    "title": "The admin Site",
    "slug": "the-admin",
    "image": "",
    "height_field": 0,
    "width_field": 0,
    "content": "Find all you need to know about the automated admin interface, one of Django\u2019s most popular features:\r\n\r\n* Admin site.\r\n* Admin actions.\r\n* Admin documentation generator.",
    "draft": false,
    "publish": "2017-11-04",
    "read_time": 2,
    "views": 4,
    "updated": "2017-11-06T09:55:53.018Z",
    "timestamp": "2017-11-04T06:59:44.080Z"
  }
},
{
  "model": "posts.post",
  "pk": 22,
  "fields": {
    "user": 3,
    "title": "Password management in Django",
    "slug": "password-management-in-django",
    "image": "",
    "height_field": 0,
    "width_field": 0,
    "content": "Password management is something that should generally not be reinvented unnecessarily, and Django endeavors to provide a secure and flexible set of tools for managing user passwords. This document describes how Django stores passwords, how the storage hashing can be configured, and some utilities to work with hashed passwords.\r\nHow Django stores passwords\u00b6\r\n\r\nDjango provides a flexible password storage system and uses PBKDF2 by default.\r\n\r\nThe password attribute of a User object is a string in this format:\r\n\r\n<algorithm>$<iterations>$<salt>$<hash>\r\nThose are the components used for storing a User\u2019s password, separated by the dollar-sign character and consist of: the hashing algorithm, the number of algorithm iterations (work factor), the random salt, and the resulting password hash. The algorithm is one of a number of one-way hashing or password storage algorithms Django can use; see below. Iterations describe the number of times the algorithm is run over the hash. Salt is the random seed used and the hash is the result of the one-way function.\r\n\r\nBy default, Django uses the PBKDF2 algorithm with a SHA256 hash, a password stretching mechanism recommended by NIST. This should be sufficient for most users: it\u2019s quite secure, requiring massive amounts of computing time to break.\r\n\r\nHowever, depending on your requirements, you may choose a different algorithm, or even use a custom algorithm to match your specific security situation. Again, most users shouldn\u2019t need to do this \u2013 if you\u2019re not sure, you probably don\u2019t. If you do, please read on:\r\n\r\nDjango chooses the algorithm to use by consulting the PASSWORD_HASHERS setting. This is a list of hashing algorithm classes that this Django installation supports. The first entry in this list (that is, settings.PASSWORD_HASHERS[0]) will be used to store passwords, and all the other entries are valid hashers that can be used to check existing passwords. This means that if you want to use a different algorithm, you\u2019ll need to modify PASSWORD_HASHERS to list your preferred algorithm first in the list.\r\n\r\nThe default for PASSWORD_HASHERS is:\r\n\r\nPASSWORD_HASHERS = [\r\n    'django.contrib.auth.hashers.PBKDF2PasswordHasher',\r\n    'django.contrib.auth.hashers.PBKDF2SHA1PasswordHasher',\r\n    'django.contrib.auth.hashers.Argon2PasswordHasher',\r\n    'django.contrib.auth.hashers.BCryptSHA256PasswordHasher',\r\n    'django.contrib.auth.hashers.BCryptPasswordHasher',\r\n]\r\nThis means that Django will use PBKDF2 to store all passwords but will support checking passwords stored with PBKDF2SHA1, argon2, and bcrypt.\r\n\r\nThe next few sections describe a couple of common ways advanced users may want to modify this setting.",
    "draft": false,
    "publish": "2017-11-04",
    "read_time": 10,
    "views": 5,
    "updated": "2017-11-06T10:19:29.505Z",
    "timestamp": "2017-11-04T08:06:52.543Z"
  }
},
{
  "model": "posts.post",
  "pk": 24,
  "fields": {
    "user": 2,
    "title": "Using Argon2 with Django",
    "slug": "using-argon2-with-django",
    "image": "",
    "height_field": 0,
    "width_field": 0,
    "content": "Argon2 is the winner of the 2015 Password Hashing Competition, a community organized open competition to select a next generation hashing algorithm. It\u2019s designed not to be easier to compute on custom hardware than it is to compute on an ordinary CPU.\r\n\r\nArgon2 is not the default for Django because it requires a third-party library. The Password Hashing Competition panel, however, recommends immediate use of Argon2 rather than the other algorithms supported by Django.\r\n\r\nTo use Argon2 as your default storage algorithm, do the following:\r\n\r\nInstall the argon2-cffi library. This can be done by running pip install django[argon2], which is equivalent to pip install argon2-cffi (along with any version requirement from Django\u2019s setup.py).\r\n\r\nModify PASSWORD_HASHERS to list Argon2PasswordHasher first. That is, in your settings file, you\u2019d put:\r\n\r\nPASSWORD_HASHERS = [\r\n    'django.contrib.auth.hashers.Argon2PasswordHasher',\r\n    'django.contrib.auth.hashers.PBKDF2PasswordHasher',\r\n    'django.contrib.auth.hashers.PBKDF2SHA1PasswordHasher',\r\n    'django.contrib.auth.hashers.BCryptSHA256PasswordHasher',\r\n    'django.contrib.auth.hashers.BCryptPasswordHasher',\r\n]\r\nKeep and/or add any entries in this list if you need Django to upgrade passwords.",
    "draft": false,
    "publish": "2017-11-04",
    "read_time": 5,
    "views": 4,
    "updated": "2017-11-06T10:19:24.489Z",
    "timestamp": "2017-11-04T08:13:16.570Z"
  }
},
{
  "model": "posts.post",
  "pk": 25,
  "fields": {
    "user": 1,
    "title": "terminal post",
    "slug": "terminal-post",
    "image": "",
    "height_field": 0,
    "width_field": 0,
    "content": "terminal tabs",
    "draft": false,
    "publish": "2017-11-06",
    "read_time": 0,
    "views": 5,
    "updated": "2017-11-06T11:31:27.468Z",
    "timestamp": "2017-11-06T05:28:53.071Z"
  }
},
{
  "model": "posts.post",
  "pk": 26,
  "fields": {
    "user": 1,
    "title": "Search",
    "slug": "search",
    "image": "",
    "height_field": 0,
    "width_field": 0,
    "content": "A common task for web applications is to search some data in the database with user input. In a simple case, this could be filtering a list of objects by a category. A more complex use case might require searching with weighting, categorization, highlighting, multiple languages, and so on. This document explains some of the possible use cases and the tools you can use.\r\n\r\nWe\u2019ll refer to the same models used in Making queries.",
    "draft": false,
    "publish": "2017-11-06",
    "read_time": 5,
    "views": 6,
    "updated": "2017-11-08T10:47:02.704Z",
    "timestamp": "2017-11-06T11:31:52.236Z"
  }
},
{
  "model": "posts.post",
  "pk": 27,
  "fields": {
    "user": 1,
    "title": "the draft post",
    "slug": "the-draft-post",
    "image": "",
    "height_field": 0,
    "width_field": 0,
    "content": "yet to be published",
    "draft": true,
    "publish": "2017-11-06",
    "read_time": 5,
    "views": 3,
    "updated": "2017-11-08T09:28:00.510Z",
    "timestamp": "2017-11-06T12:14:11.750Z"
  }
},
{
  "model": "accounts.profile",
  "pk": 1,
  "fields": {
    "user": 1,
    "activation_key": "egfmgy73ni8jmscolx1dma9ooggj2pnsonn",
    "activated": true,
    "timestamp": "2017-11-07T11:14:05.380Z",
    "updated": "2017-11-08T10:08:20.044Z"
  }
},
{
  "model": "accounts.profile",
  "pk": 2,
  "fields": {
    "user": 2,
    "activation_key": "egfmgy73ni8jmscolx1dma9ooggj2pnsonn",
    "activated": true,
    "timestamp": "2017-11-07T11:14:24.297Z",
    "updated": "2017-11-07T11:14:55.937Z"
  }
},
{
  "model": "accounts.profile",
  "pk": 3,
  "fields": {
    "user": 6,
    "activation_key": "egfmgy73ni8jmscolx1dma9ooggj2pnsonn",
    "activated": false,
    "timestamp": "2017-11-07T11:14:50.393Z",
    "updated": "2017-11-07T11:14:50.393Z"
  }
},
{
  "model": "accounts.profile",
  "pk": 4,
  "fields": {
    "user": 3,
    "activation_key": "egfmgy73ni8jmscolx1dma9ooggj2pnsonn",
    "activated": false,
    "timestamp": "2017-11-07T11:15:10.798Z",
    "updated": "2017-11-08T09:45:44.326Z"
  }
},
{
  "model": "accounts.profile",
  "pk": 5,
  "fields": {
    "user": 4,
    "activation_key": "egfmgy73ni8jmscolx1dma9ooggj2pnsonn",
    "activated": false,
    "timestamp": "2017-11-07T11:15:30.432Z",
    "updated": "2017-11-07T12:07:11.064Z"
  }
},
{
  "model": "accounts.profile",
  "pk": 6,
  "fields": {
    "user": 5,
    "activation_key": "egfmgy73ni8jmscolx1dma9ooggj2pnsonn",
    "activated": false,
    "timestamp": "2017-11-07T11:15:47.039Z",
    "updated": "2017-11-07T12:07:06.039Z"
  }
},
{
  "model": "accounts.profile",
  "pk": 18,
  "fields": {
    "user": 19,
    "activation_key": null,
    "activated": false,
    "timestamp": "2017-11-08T06:32:37.801Z",
    "updated": "2017-11-08T06:32:37.945Z"
  }
},
{
  "model": "accounts.profile",
  "pk": 25,
  "fields": {
    "user": 26,
    "activation_key": null,
    "activated": true,
    "timestamp": "2017-11-08T07:02:05.031Z",
    "updated": "2017-11-08T07:02:13.976Z"
  }
}
]
